Doserate,Latitude,Longitude
0.0441,13.84988117,100.566816
0,13.84988,100.5668168
0.0779,13.8498795,100.5668187
0,13.84987383,100.5668078
0.0382,13.84986467,100.5667977
0.0515,13.84985017,100.5667888
0.0515,13.84983867,100.5667838
0.061,13.849837,100.5667828
0,13.84983717,100.566785
0.0327,13.84983617,100.5667848
0.0366,13.84982867,100.566781
0.0442,13.8498115,100.5667755
0.0442,13.84979583,100.5667682
0.0613,13.8497835,100.5667585
0,13.84976767,100.5667495
0.0561,13.84975667,100.5667413
0.0594,13.84974933,100.5667292
0.0615,13.84973917,100.5667178
0.0615,13.84972517,100.5667157
0.0493,13.84970933,100.566711
0.0525,13.849697,100.5667122
0.0323,13.84968267,100.5667083
0.0662,13.84966567,100.5667112
0.0662,13.84964783,100.5667113
0.0526,13.84962683,100.5667055
0.0665,13.84960933,100.5667065
0.0448,13.84959833,100.566703
0.0548,13.84958117,100.5667028
0.0598,13.8495675,100.566701
0.0661,13.849553,100.5666998
0.0661,13.84953633,100.5667
0.0552,13.849521,100.5666972
0.0835,13.8495035,100.5666983
0.0543,13.849487,100.5666943
0.0571,13.84946633,100.5666957
0.0713,13.84944883,100.5666948
0.0713,13.84942733,100.5666917
0.0781,13.84940667,100.5666977
0.0626,13.849391,100.5666977
0.0527,13.84936933,100.5667033
0.0709,13.84935083,100.5667132
0.0499,13.84932667,100.5667155
0.0499,13.8493045,100.5667188
0.0462,13.84928,100.5667213
0.0651,13.84925983,100.5667188
0.0633,13.84923683,100.5667163
0.0697,13.849213,100.5667158
0.0682,13.84919467,100.5667152
0.0682,13.8491765,100.5667118
0.0596,13.84915733,100.566712
0.0559,13.849138,100.5667128
0.0502,13.84911717,100.5667103
0.0595,13.84909617,100.5667138
0.0595,13.84907683,100.5667157
0.0488,13.84906,100.5667168
0.0645,13.8490405,100.566722
0.0545,13.84902167,100.5667248
0.0514,13.8490035,100.5667275
0.0403,13.84898633,100.5667358
0.0658,13.84896917,100.5667385
0.0658,13.84895233,100.5667353
0.0664,13.84893167,100.5667383
0.043,13.84891183,100.5667442
0.0764,13.84889283,100.5667423
0.0987,13.84887067,100.5667405
0.0584,13.84884617,100.5667405
0.0584,13.848823,100.566746
0.0644,13.84880283,100.5667462
0.0493,13.84877767,100.566745
0.0372,13.84875317,100.5667482
0.0408,13.84873167,100.5667565
0.0415,13.84871033,100.5667577
0.0415,13.848689,100.566757
0.0723,13.84866833,100.5667595
0.0518,13.84865033,100.5667655
0.0359,13.84863117,100.5667677
0.0713,13.848609,100.5667685
0.0713,13.8485865,100.5667728
0.0563,13.84856667,100.5667735
0.061,13.84854317,100.5667748
0.0483,13.848519,100.5667787
0.056,13.8484965,100.566779
0.0395,13.84847717,100.5667797
0.0501,13.84846017,100.5667748
0.0501,13.84844617,100.5667723
0.0374,13.84844017,100.5667745
0.0549,13.8484345,100.5667752
0.0504,13.84842283,100.5667757
0.0554,13.84841067,100.5667728
0.0522,13.84839583,100.566769
0.0522,13.84838033,100.5667647
0.0607,13.84837017,100.5667672
0.0534,13.848348,100.5667647
0.0646,13.84832833,100.566759
0.0711,13.84831017,100.566762
0.0917,13.84829417,100.5667715
0.0917,13.84827783,100.5667792
0.0515,13.8482575,100.5667813
0.036,13.8482335,100.5667828
0.0436,13.84821017,100.5667888
0.04,13.84818967,100.5667937
0,13.84816967,100.5667907
0,13.84814917,100.5667927
0,13.848128,100.5667985
0.0454,13.848107,100.5667998
0.0544,13.84808533,100.5668
0.0703,13.84805883,100.5667983
0.0703,13.84803233,100.5668002
0.0649,13.8480085,100.5668038
0.0482,13.84798967,100.5668033
0.0737,13.847969,100.5668053
0.0468,13.84795317,100.5668158
0,13.84794283,100.56683
0.053,13.84792133,100.566838
0.053,13.84790333,100.566833
0.0576,13.84788267,100.5668305
0.059,13.84786433,100.5668352
0.0345,13.84784617,100.5668418
0.0749,13.84782467,100.566852
0.0378,13.84781267,100.5668675
0.0378,13.84779933,100.56688
0.0693,13.84779,100.5668913
0.0794,13.847784,100.5669127
0.0924,13.8477695,100.5669253
0.0817,13.84775733,100.566937
0.0802,13.8477445,100.5669542
0.0802,13.84773117,100.5669712
0.0549,13.84771517,100.5669847
0.0923,13.8477,100.5669995
0.1022,13.84769683,100.5670192
0.0773,13.84768467,100.5670413
0.0773,13.84767083,100.5670648
0.0456,13.84766267,100.5670898
0.0758,13.84765517,100.5671123
0.0704,13.84764167,100.5671303
0.0586,13.84762467,100.5671472
0.0812,13.84760983,100.5671675
0.0677,13.8476005,100.5671892
0.0677,13.84758817,100.5672118
0.0624,13.84757367,100.5672323
0.0651,13.8475625,100.5672498
0.0875,13.84755317,100.5672668
0.0762,13.84754217,100.567289
0.0744,13.847533,100.5673023
0.0744,13.8475285,100.567316
0.0493,13.84752017,100.5673235
0.0387,13.8475085,100.5673402
0.0477,13.84749533,100.5673603
0.06,13.84748667,100.5673785
0.0615,13.84747617,100.5674005
0.0615,13.84746083,100.5674243
0.0643,13.84744883,100.5674495
0.0535,13.84744017,100.5674735
0.0525,13.84742783,100.5674963
0.0393,13.84741717,100.567522
0.0646,13.847408,100.567543
0.0646,13.84739983,100.5675642
0.0362,13.84738817,100.5675807
0.0587,13.84738067,100.5675928
0.0409,13.84737567,100.567606
0.0441,13.847366,100.5676112
0.0441,13.84735217,100.5676217
0.0548,13.84734483,100.5676397
0.0715,13.847335,100.5676618
0.0759,13.84732833,100.5676782
0.0635,13.84732183,100.5677002
0.057,13.847308,100.5677237
0.0541,13.84729017,100.5677443
0.0541,13.84727833,100.5677702
0.0653,13.847269,100.5677997
0.0806,13.84725767,100.5678227
0.0411,13.847244,100.5678428
0.0821,13.84724,100.5678687
0.0476,13.84723467,100.5678862
0.0476,13.84721933,100.5678977
0.0841,13.847207,100.567913
0.0739,13.8471965,100.5679343
0.0805,13.84718867,100.5679548
0.0568,13.8471815,100.567977
0.0783,13.84717533,100.5679973
0.0783,13.847163,100.5680083
0.0787,13.84715533,100.5680317
0.069,13.8471535,100.5680502
0.0854,13.84714717,100.5680647
0.0687,13.84714283,100.5680743
0.0687,13.84714133,100.5680818
0.0636,13.84714133,100.5680863
0.0715,13.84714067,100.5680868
0.0573,13.84713933,100.5680947
0.0603,13.84713517,100.5681003
0.0548,13.8471335,100.568105
0.0904,13.84713217,100.5681093
0.0904,13.84713583,100.56811
0.0664,13.84713767,100.5681107
0.0549,13.847132,100.5681122
0.0548,13.84713267,100.5681273
0.0774,13.84712683,100.5681512
0.0923,13.8471185,100.5681703
0.0923,13.84710833,100.5681812
0,13.8471065,100.5681992
0.0863,13.84710683,100.568224
0.0814,13.84710433,100.568247
0.0695,13.84709683,100.5682693
0.0703,13.84709217,100.568292
0.0703,13.84708883,100.5683147
0.0702,13.8470875,100.5683308
0.0797,13.84708267,100.5683442
0.0608,13.8470805,100.568365
0.0718,13.84707417,100.5683822
0.0718,13.84707017,100.5684015
0.0593,13.847071,100.568425
0.0556,13.84706533,100.5684458
0.0532,13.84705167,100.5684625
0.0401,13.847052,100.5684847
0.0423,13.84705317,100.5685043
0.0423,13.8470455,100.5685212
0.0451,13.8470385,100.5685443
0,13.84703767,100.568567
0.0735,13.84703367,100.568588
0.0647,13.84702667,100.568608
0.06,13.847022,100.5686285
0.056,13.84702233,100.568649
0.056,13.847015,100.5686702
0.0585,13.847009,100.5686893
0.042,13.84700683,100.5687093
0.0377,13.8470005,100.5687275
0.0609,13.84699167,100.5687463
0.0423,13.84698967,100.5687665
0.0423,13.84698667,100.568782
0.0395,13.84698083,100.568795
0.0613,13.8469805,100.568811
0.0518,13.84697733,100.5688273
0.0647,13.8469715,100.5688422
0.0453,13.84697367,100.5688657
0.0453,13.8469745,100.5688868
0.0602,13.84696867,100.5689048
0,13.84696983,100.5689233
0.0736,13.84696567,100.5689418
0.0515,13.84695983,100.5689613
0.0515,13.84695417,100.5689738
0.0507,13.84694683,100.5689887
0.0699,13.84694017,100.569002
0.0629,13.846937,100.5690108
0.0741,13.84693783,100.5690175
0.043,13.84693517,100.5690258
0.0633,13.84692983,100.5690468
0.0633,13.84692367,100.5690672
0.0439,13.84692333,100.569082
0.066,13.84691917,100.5690893
0.0655,13.84691517,100.5691
0.0687,13.84691367,100.5691087
0.0459,13.8469115,100.5691177
0.0459,13.846911,100.569129
0.0583,13.84690633,100.5691415
0.0479,13.84690133,100.5691555
0.0537,13.8468975,100.5691695
0.0513,13.84689317,100.5691852
0,13.8468935,100.5691988
0,13.84689283,100.5692175
0.0615,13.84688883,100.5692337
0.0392,13.84688483,100.5692482
0.0481,13.84687817,100.5692628
0.0693,13.846873,100.5692753
0.0693,13.84687183,100.5692857
0.0787,13.846868,100.5692965
0.068,13.84686933,100.5693063
0.0445,13.8468615,100.5693178
0.0625,13.846856,100.5693312
0.045,13.846854,100.569348
0.045,13.84685133,100.5693613
0.0376,13.8468525,100.569375
0,13.84684933,100.5693837
0.0464,13.84684667,100.569401
0.0395,13.8468455,100.5694175
0.0494,13.84684317,100.5694345
0.0362,13.84683567,100.5694487
0.0362,13.84682983,100.569462
0,13.846823,100.5694787
0.0646,13.84681717,100.5694938
0.0524,13.84681133,100.5695053
0.0774,13.8468005,100.5695168
0.0728,13.84679567,100.5695363
0.0728,13.846796,100.5695562
0.0703,13.846791,100.5695708
0.0548,13.84679233,100.5695918
0,13.8467885,100.5696127
0.0584,13.84677917,100.5696285
0.0407,13.84677717,100.5696493
0.0407,13.84678,100.5696693
0.0451,13.84678383,100.5696878
0.0571,13.84677867,100.5697055
0.0324,13.84678033,100.5697275
0.0507,13.8467775,100.5697483
0.0507,13.84677333,100.5697667
0.0369,13.84677533,100.5697865
0.091,13.84677183,100.5698082
0.0594,13.84676417,100.5698287
0.0642,13.84676617,100.5698528
0.054,13.84676083,100.5698757
0.0485,13.84674967,100.5698922
0.0485,13.8467385,100.5699058
0.0666,13.84673467,100.5699118
0,13.84673517,100.5699185
0.0473,13.846742,100.569925
0.0437,13.84674267,100.5699288
0,13.84674383,100.569932
0,13.84674417,100.569935
0.0448,13.84674467,100.569938
0.0539,13.84674517,100.5699407
0.0352,13.84674517,100.5699428
0.0812,13.8467445,100.569945
0.0402,13.84673783,100.5699527
0.0402,13.84673217,100.5699667
0.0672,13.84673183,100.5699808
0.061,13.84672333,100.5699913
0.0529,13.84672433,100.569978
0.0772,13.84672767,100.5699565
0.0772,13.846736,100.5699488
0.0539,13.846739,100.569952
0.0487,13.84673983,100.5699528
0.0561,13.84674167,100.5699542
0.0481,13.84674283,100.5699563
0.0448,13.84674017,100.569964
0.0448,13.84673383,100.5699745
0.0524,13.84673167,100.569992
0.0639,13.84673183,100.5700098
0.0601,13.84672233,100.570024
0.0443,13.84671733,100.5700373
0.0507,13.8467155,100.5700483
0.0668,13.846711,100.5700587
0.0668,13.846702,100.5700705
0.066,13.84669917,100.5700863
0.0497,13.84669617,100.570105
0.0672,13.84668583,100.570119
0.0709,13.84668017,100.570133
0.049,13.846676,100.5701498
0.049,13.84667467,100.5701667
0.0486,13.84666733,100.5701848
0.067,13.84666317,100.5702045
0.0493,13.8466625,100.5702175
0.0549,13.84665483,100.570231
0.059,13.84664733,100.5702495
0.059,13.84664733,100.5702753
0.0767,13.84665283,100.570308
0.0625,13.84664933,100.5703322
0.0772,13.84664583,100.5703585
0.052,13.84663783,100.5703812
0.052,13.84663183,100.5703962
0.0582,13.84662117,100.5704245
0.0513,13.84661633,100.5704567
0.0649,13.84661017,100.5704873
0.0759,13.84660333,100.5705037
0.0459,13.84659717,100.5705143
0.055,13.84659483,100.5705157
0.055,13.84659483,100.5705167
0.0411,13.84660067,100.5705155
0.0567,13.84660133,100.570518
0.0605,13.8466065,100.5705295
0.0579,13.8466155,100.5705428
0.0409,13.84662467,100.5705527
0.0409,13.84663633,100.5705653
0.047,13.84665317,100.5705708
0.0524,13.84667233,100.5705732
0.0456,13.84668483,100.5705833
0.0488,13.84669433,100.5705797
0.0569,13.84670767,100.570584
0.0569,13.8467205,100.5705815
0.0781,13.84673567,100.5705847
0.0595,13.84675167,100.5705815
0.0402,13.84676433,100.5705828
0.0715,13.84677017,100.5705847
0.0715,13.84677567,100.5705872
0.0542,13.84678767,100.5705868
0.0639,13.84680683,100.5705865
0.057,13.8468265,100.5705893
0.06,13.84684517,100.5705862
0.0707,13.8468635,100.5705868
0.0707,13.84688133,100.5705905
0.0605,13.84690067,100.5705868
0.0465,13.84691783,100.5705858
0.0749,13.84693417,100.5705857
0.0936,13.84694833,100.5705795
0.0618,13.84696383,100.570576
0.0561,13.84697883,100.5705735
0.0561,13.84699183,100.5705672
0.0499,13.84701083,100.5705662
0.063,13.84702983,100.5705665
0.0541,13.8470485,100.5705712
0.0512,13.84706117,100.5705765
0.0594,13.8470785,100.5705813
0.0594,13.84709683,100.5705893
0.0615,13.84711483,100.5705932
0.0332,13.84713167,100.5705905
0.0684,13.8471435,100.5705952
0.0497,13.84715783,100.5705945
0.0424,13.84717467,100.57059
0.0424,13.8471905,100.5705908
0.0784,13.8472025,100.5705913
0.0764,13.847215,100.5705907
0.0719,13.8472255,100.5705955
0.0481,13.84723633,100.5705987
0.0481,13.84725667,100.5705968
0.0446,13.8472805,100.5705972
0.0617,13.84731,100.570591
0.047,13.84733433,100.5705897
0.0612,13.84735033,100.5705875
0.0709,13.8473625,100.570585
0.0864,13.8473705,100.570588
0.0864,13.847384,100.5705872
0.0547,13.84740017,100.5705867
0.0649,13.84742017,100.5705882
0.0513,13.8474465,100.5705848
0.0419,13.84747167,100.570585
0.0564,13.84749633,100.5705825
0.0564,13.8475085,100.5705832
0.0664,13.84752283,100.5705855
0.0532,13.84754683,100.5705892
0.0594,13.84757783,100.5705923
0,13.847599,100.5705958
0.0387,13.84761867,100.5705967
0.0387,13.8476365,100.570595
0.0635,13.84765533,100.5705962
0.0341,13.84767467,100.570595
0.0555,13.84769317,100.570594
0.0621,13.847697,100.5705983
0.0621,13.84769867,100.5705997
0.0632,13.84770283,100.5706013
0.0623,13.84770717,100.5706038
0.0502,13.8477105,100.5706072
0.0742,13.84771533,100.5706103
0.0599,13.847716,100.5706132
0.0599,13.8477165,100.5706153
0.044,13.84771667,100.5706177
0.0444,13.84771733,100.5706192
0.0902,13.84771867,100.5706208
0.0746,13.84772083,100.5706223
0.0608,13.84772333,100.5706235
0.0707,13.84773017,100.5706228
0.0707,13.84774467,100.5706183
0.0796,13.84775917,100.5706162
0.0505,13.84777133,100.5706143
0.0651,13.84778867,100.5706093
0.0544,13.84780283,100.5706083
0.0727,13.84781783,100.5706045
0.0727,13.84783467,100.5706043
0.0862,13.84785667,100.5706053
0.0383,13.84788067,100.5705998
0.0483,13.84790267,100.5705932
0.0703,13.8479225,100.5705915
0.059,13.84794183,100.5705872
0.059,13.8479575,100.5705825
0.0762,13.84797617,100.570578
0.0699,13.84799467,100.5705717
0.0467,13.8480075,100.5705753
0.0415,13.84801683,100.57058
0.0415,13.84802733,100.5705812
0.0626,13.84804167,100.5705797
0.048,13.84805983,100.5705812
0.0512,13.84807617,100.5705833
0.0575,13.84808733,100.5705847
0.0449,13.8480995,100.5705903
0.0701,13.84810417,100.5705918
0.0701,13.8481065,100.570597
0.0422,13.84810717,100.5705993
0.0596,13.8481155,100.5706
0.0523,13.8481295,100.5705997
0.0426,13.8481465,100.5706037
0.0508,13.84816467,100.5706027
0.0508,13.84817883,100.570603
0.0635,13.84819617,100.5706017
0.0703,13.84821733,100.5706023
0.061,13.8482345,100.5706043
0.0858,13.84825467,100.5705967
0.0698,13.84827467,100.5705953
0.0698,13.84829183,100.5705988
0.0609,13.8483135,100.570598
0.0859,13.8483355,100.5705967
0.0534,13.848352,100.5706008
0.065,13.84837467,100.5706017
0.065,13.84839617,100.5705965
0.053,13.84842067,100.5705895
0.0623,13.848438,100.570591
0.038,13.84845933,100.570595
0.0504,13.8484705,100.5706008
0.0788,13.84848,100.5706008
0.0788,13.84848783,100.5706012
0.0351,13.8484945,100.570601
0.0502,13.84850033,100.5706005
0.0558,13.84850433,100.5706008
0.0668,13.84851083,100.5705992
0.0784,13.84852433,100.5706007
0.0565,13.84853483,100.5705995
0.0565,13.84854417,100.5705993
0.0555,13.84854783,100.5705995
0.059,13.84854633,100.5705958
0.0626,13.84854617,100.5705897
0.0593,13.84855433,100.5705955
0.0663,13.84855783,100.5706038
0.0663,13.848562,100.570606
0.078,13.84856167,100.5706077
0.0937,13.84856133,100.5706103
0.0434,13.848561,100.5706113
0.0614,13.84856183,100.5706112
0.0543,13.84856183,100.5706128
0.0543,13.84856,100.5706147
0.0736,13.848553,100.5706135
0.0538,13.84854317,100.5706197
0.0625,13.84854233,100.5706175
0.0443,13.84854517,100.570616
0.0413,13.848547,100.5706135
0.0413,13.8485495,100.5706137
0.0653,13.848551,100.5706133
0.0365,13.84855417,100.5706137
0.0571,13.84855683,100.5706148
0.0517,13.8485605,100.570617
0.0627,13.84856433,100.5706195
0.0627,13.84856883,100.5706218
0.0431,13.8485705,100.5706147
0.0748,13.84856867,100.5706185
0.0635,13.84856983,100.5706205
0.0592,13.84857117,100.5706213
0.0592,13.84857367,100.570622
0.0449,13.8485765,100.5706223
0.0638,13.84857917,100.5706228
0.0414,13.8485815,100.5706228
0.0561,13.84858433,100.5706235
0.0535,13.84858517,100.5706232
0.0547,13.84858633,100.5706227
0.0547,13.8485915,100.5706203
0.089,13.8486,100.5706248
0.0352,13.84861133,100.5706218
0.0639,13.84861817,100.5706273
0.0446,13.8486305,100.5706203
0.0548,13.84864183,100.5706175
0.0548,13.84865483,100.570613
0.0787,13.84867367,100.5706115
0.0635,13.84868617,100.5706133
0.0737,13.84869783,100.5706073
0.0643,13.8487135,100.570602
0.0547,13.84872917,100.5706035
0.0547,13.8487495,100.5706023
0.0678,13.84876633,100.5705992
0.0832,13.84878,100.5705982
0.0561,13.84879967,100.5705928
0.0569,13.84881917,100.5705898
0.0569,13.84883967,100.5705912
0.0541,13.84886083,100.5705947
0.0689,13.84887933,100.5705937
0.0428,13.84890217,100.5705905
0.06,13.84891733,100.570591
0.04,13.84893183,100.5705898
0.04,13.84894617,100.5705838
0.0771,13.84896017,100.5705828
0.0518,13.84897467,100.570577
0.065,13.84899233,100.5705728
0.0542,13.84901233,100.5705795
0.0454,13.84902933,100.5705868
0.0649,13.849047,100.5705885
0.0649,13.84906267,100.5705918
0.0629,13.84908083,100.5705935
0.062,13.8490935,100.5705878
0.0798,13.849099,100.5705853
0.062,13.84910783,100.5705817
0.0848,13.84912133,100.5705747
0.0848,13.8491385,100.5705667
0.0571,13.8491565,100.5705607
0.0731,13.84917533,100.5705548
0.0891,13.84919583,100.5705507
0.0427,13.84920967,100.5705493
0.0652,13.8492265,100.5705483
0.0652,13.849237,100.570552
0.0527,13.84925683,100.5705548
0.0566,13.849273,100.5705572
0.089,13.84928833,100.5705628
0.0641,13.84930883,100.5705618
0.0641,13.84932567,100.5705638
0.0679,13.8493475,100.5705608
0.0721,13.84936333,100.570556
0.0543,13.849377,100.5705528
0.0643,13.849399,100.5705495
0.0563,13.849419,100.5705447
0.0563,13.84943867,100.570538
0.0694,13.84946,100.5705317
0.0455,13.84947433,100.570532
0.0836,13.84949567,100.5705318
0.0996,13.8495075,100.570536
0.0948,13.84952517,100.5705375
0.0685,13.84954517,100.570527
0.0685,13.84956817,100.57052
0.0809,13.84959133,100.5705155
0.0749,13.84961917,100.570514
0.0745,13.84964667,100.5705113
0.0758,13.849667,100.5705127
0.0719,13.84969183,100.5705145
0.0719,13.84971533,100.5705138
0.0531,13.84973133,100.570515
0.07,13.84975167,100.5705123
0.0504,13.84977433,100.5705102
0.0665,13.849794,100.570511
0.0504,13.84981633,100.5705153
0.0504,13.84983633,100.5705205
0.0657,13.84986183,100.570529
0.0872,13.84988583,100.5705287
0.0704,13.84990567,100.5705292
0.0708,13.84992383,100.5705345
0.0708,13.84994583,100.5705383
0.0518,13.849972,100.5705358
0.0662,13.849996,100.5705382
0,13.85001767,100.570548
0.06,13.8500385,100.5705507
0.0577,13.850063,100.5705507
0.0559,13.850086,100.5705545
0.0559,13.85010417,100.570555
0.0667,13.85012667,100.5705567
0.0801,13.85014633,100.5705612
0.0836,13.85016867,100.5705597
0.0674,13.85018967,100.5705585
0.0631,13.85020867,100.5705618
0.0631,13.85022583,100.5705595
0.0749,13.85024167,100.5705623
0.0592,13.850252,100.5705628
0.09,13.85026133,100.5705642
0.0622,13.8502675,100.5705667
0.0813,13.850272,100.5705697
0.0813,13.85028367,100.5705748
0.0377,13.85029683,100.570574
0.0446,13.8503075,100.5705688
0.0572,13.850322,100.5705667
0.0558,13.85033183,100.5705668
0.0558,13.85033883,100.570567
0.0583,13.85034417,100.570566
0.0433,13.85034933,100.5705658
0.0485,13.85035383,100.5705675
0.0565,13.850359,100.5705692
0.0429,13.85036233,100.5705705
0.0429,13.8503655,100.570571
0.0391,13.85036417,100.5705735
0.0459,13.85036683,100.5705775
0.0541,13.85036983,100.5705798
0.0885,13.85037233,100.570582
0.0475,13.85037417,100.5705843
0.0629,13.85037567,100.5705857
0.0629,13.85037717,100.570587
0.0505,13.85037783,100.5705883
0.0507,13.85037933,100.5705885
0,13.85038217,100.5705898
0.0616,13.85038383,100.5705912
0.073,13.85038317,100.5705917
0.073,13.85038067,100.5705913
0.0716,13.8503815,100.5705918
0.0378,13.85037917,100.5705878
0.0693,13.850385,100.5705877
0.0472,13.8503835,100.570587
0.0472,13.85038717,100.570584
0.0706,13.85038833,100.5705825
0.044,13.85038533,100.5705808
0.0601,13.85038517,100.5705808
0.0693,13.850385,100.5705797
0.0634,13.85038417,100.5705793
0.0634,13.85038333,100.5705785
0.0652,13.850382,100.5705785
0.0702,13.85038133,100.5705787
0.0693,13.85038117,100.5705792
0.0625,13.85038067,100.5705798
0.0458,13.8503805,100.5705805
0.0602,13.85038033,100.5705808
0.0602,13.85038233,100.5705817
0.0613,13.85038433,100.570583
0.0521,13.85038417,100.5705802
0.0475,13.85038683,100.5705788
0.0782,13.85038683,100.5705842
0.0467,13.85038967,100.5705853
0.0467,13.85038967,100.5705882
0.048,13.8503905,100.5705873
0.0608,13.85039283,100.5705868
0.0861,13.850394,100.5705862
0.0526,13.85039583,100.570585
0.0411,13.85039733,100.570584
0.0411,13.8503995,100.5705857
0.0432,13.85040167,100.5705835
0.0543,13.85040583,100.5705875
0.0565,13.850404,100.5705893
0.0566,13.8504005,100.5705907
0.0566,13.8503995,100.5705882
0.0568,13.850398,100.570588
0.0392,13.85039617,100.5705883
0.0797,13.85039483,100.5705892
0.0726,13.850393,100.5705897
0.0613,13.8503935,100.5705898
0.0613,13.85039267,100.5705905
0.0455,13.85039383,100.5705878
0.0681,13.85039517,100.5705877
0.0643,13.85039567,100.570588
0.0437,13.85039617,100.5705877
0.0611,13.85039683,100.5705897
0.0488,13.85039583,100.5705915
0.0488,13.85039317,100.5705908
0.0593,13.8503935,100.5705922
0.0427,13.85039417,100.5705922
0.0364,13.85039467,100.5705927
0,13.85039533,100.5705923
0.0487,13.85039567,100.5705932
0.0487,13.85039533,100.5705952
0.0637,13.85039483,100.5705957
0.0496,13.85039467,100.5705965
0.0561,13.85039417,100.5705963
0.0706,13.85039367,100.570596
0.0706,13.850393,100.5705962
0.0705,13.85039317,100.5705967
0.0576,13.850394,100.5705973
0.0629,13.8503935,100.5705968
0.0694,13.85039417,100.5705968
0.0346,13.85039467,100.570597
0.0346,13.850395,100.5705983
0.0506,13.85039367,100.5705992
0.039,13.85039433,100.5706023
0.0868,13.8503955,100.570604
0.0773,13.85039667,100.5706048
0.061,13.85039683,100.5706052
0.0586,13.85039717,100.5706055
0.0586,13.85039683,100.5706058
0.0528,13.85039633,100.5706058
0.0561,13.85039567,100.5706058
0.0541,13.8503945,100.5706055
0.0501,13.85039317,100.5706043
0.0954,13.85039133,100.5706025
0.0954,13.85038933,100.5706035
0.0528,13.850388,100.5706055
0.0644,13.85038717,100.5706038
0.0483,13.850388,100.5705985
0.0539,13.85039433,100.5705837
0.059,13.850394,100.5705618
0.059,13.85039783,100.5705447
0.0409,13.85040267,100.5705263
0.0487,13.85040117,100.5705032
0.0496,13.85039817,100.5704777
0.0717,13.85039583,100.5704537
0.0717,13.850395,100.570433
0.064,13.850396,100.570409
0.0567,13.85039117,100.5703907
0,13.8503865,100.5703713
0.0434,13.85038817,100.570364
0.0705,13.85038817,100.5703573
0.0705,13.85038983,100.5703527
0.0563,13.85038917,100.5703503
0.0515,13.85038967,100.5703427
0.077,13.85038533,100.5703313
0.0653,13.85037317,100.5703215
0.0552,13.85036967,100.570305
0.0546,13.85036933,100.5702933
0.0546,13.85037033,100.5702803
0.0691,13.85036983,100.5702675
0.0665,13.85037083,100.5702508
0.0949,13.85037367,100.5702413
0.0763,13.85037733,100.5702485
0.0632,13.85037617,100.570247
0.0632,13.85037417,100.570246
0.0936,13.85037117,100.5702447
0.0705,13.85036733,100.570242
0.0756,13.8503685,100.5702292
0.0456,13.85036717,100.5702148
0.0456,13.850358,100.5702003
0.0652,13.85035833,100.5701847
0.0681,13.85035367,100.570168
0.066,13.85035183,100.57015
0.0473,13.85035117,100.5701283
0.0533,13.85034533,100.570111
0.0533,13.8503405,100.5700942
0.0592,13.85034133,100.5700777
0.0601,13.85033883,100.5700615
0.0778,13.85033533,100.5700432
0.0804,13.85033283,100.5700232
0.0408,13.85033367,100.5700053
0.0671,13.850332,100.569982
0.0671,13.85032833,100.5699598
0.0844,13.850322,100.5699348
0.0679,13.85031817,100.569913
0.0664,13.85031233,100.5698923
0.0605,13.85030633,100.5698717
0.0582,13.85030417,100.5698513
0.0582,13.85030383,100.5698318
0.0565,13.85030067,100.5698123
0.056,13.850297,100.5697958
0.0506,13.85029783,100.5697768
0.0676,13.8503005,100.5697662
0.0608,13.85029917,100.5697492
0.0608,13.8503,100.5697287
0.0457,13.850302,100.5697152
0.0691,13.85030017,100.5696953
0.0566,13.850296,100.5696723
0.0774,13.85029683,100.569657
0.0774,13.85029417,100.5696278
0.0857,13.85029533,100.5696027
0.0871,13.85029883,100.569578
0.0708,13.85030017,100.5695503
0.0674,13.85029517,100.5695255
0.0841,13.85030183,100.5695062
0.0841,13.85031117,100.569491
0.0646,13.85031217,100.5694702
0.0648,13.850311,100.5694483
0.0805,13.850312,100.5694268
0.0854,13.85031333,100.5694135
0.0739,13.85030817,100.5693893
0.114,13.850309,100.5693685
0.114,13.85030467,100.5693467
0.0784,13.850299,100.5693232
0.0584,13.85029933,100.5692993
0.1018,13.850299,100.5692765
0.065,13.85029483,100.5692472
0.0777,13.85029833,100.5692248
0.0777,13.85029183,100.5692033
0.0385,13.8502855,100.5691755
0.0606,13.85027833,100.5691495
0.0533,13.8502645,100.569127
0.0721,13.8489665,100.5667847
0.0536,13.8489675,100.5667845
0.0536,13.84896717,100.5667862
0.0464,13.84896717,100.5667875
0.0534,13.84896667,100.566788
0.0449,13.84896283,100.5667882
0.0567,13.84896217,100.566789
0.0724,13.84896133,100.566788
0.0724,13.84896017,100.5667882
0.0632,13.848959,100.5667888
0.0347,13.848958,100.5667903
0.0606,13.84895433,100.5667892
0.0575,13.8489505,100.5667902
0.0575,13.84895,100.5667852
0.0711,13.8489475,100.566784
0.0632,13.84894817,100.5667858
0.0383,13.848947,100.5667823
0.0895,13.84894967,100.566774
0.0565,13.84895767,100.5667637
0.0565,13.848958,100.5667625
0.054,13.8489555,100.5667618
0.0353,13.8489585,100.5667642
0.0509,13.848958,100.566762
0,13.84895767,100.5667638
0.0378,13.84895667,100.5667628
0.0378,13.848955,100.5667633
0.0528,13.84895567,100.566765
0.0364,13.84895517,100.566763
0.0455,13.84895367,100.5667602
0.0577,13.8489535,100.5667595
0.0581,13.84895567,100.5667587
0.0745,13.84895817,100.5667578
0.0745,13.84895933,100.5667573
0.0433,13.84895983,100.5667573
0,13.84896033,100.566756
0.0447,13.8489615,100.5667563
0.0464,13.84896067,100.566759
0.0464,13.84896,100.5667615
0.0457,13.84896167,100.5667625
0.0428,13.84895967,100.5667615
0.0578,13.84895733,100.5667647
0.0572,13.84895683,100.5667677
0.0445,13.84896,100.566771
0.0445,13.84896233,100.5667717
0.0386,13.84896267,100.5667725
0.0537,13.84896217,100.5667733
0.0506,13.84896167,100.5667738
0.0397,13.84896083,100.5667748
0.0536,13.84896083,100.5667755
0.0536,13.84896167,100.5667737
0.0516,13.84895883,100.5667678
0.0428,13.84895267,100.5667673
0,13.848953,100.566766
0,13.8489555,100.5667643
0,13.84894917,100.566761
0.049,13.8489425,100.566758
0.049,13.84893717,100.5667602
0.0402,13.848938,100.5667605
0.0412,13.84893783,100.566763
0.0446,13.84893733,100.5667638
0.0672,13.848937,100.5667665
0.0475,13.84893767,100.5667673
0.0475,13.84893783,100.566769
0.0456,13.84892233,100.5667687
0.0412,13.84890583,100.566771
0.0535,13.8488845,100.5667757
0.052,13.84886783,100.566779
0.052,13.84885683,100.5667807
0.0621,13.84883817,100.5667788
0.0574,13.84882267,100.566779
0.0866,13.84880717,100.5667787
0.0626,13.84879683,100.5667825
0,13.848781,100.5667852
0,13.84876317,100.566786
0.0638,13.84874067,100.5667843
0.0913,13.848722,100.566782
0.0514,13.8487015,100.5667845
0.0406,13.84868667,100.566788
0.0609,13.848673,100.5667893
0.0609,13.84865783,100.5667902
0.0385,13.84864383,100.5667877
0.0901,13.84863033,100.5667908
0.0418,13.8486195,100.5667938
0.0496,13.84860817,100.566796
0.0612,13.848596,100.566798
0.0559,13.84858333,100.5667987
0.0559,13.8485685,100.566799
0.0556,13.8485565,100.5668002
0.0701,13.848542,100.5668018
0.0764,13.84852983,100.5668038
0.0589,13.8485135,100.5668047
0.0589,13.8485,100.5668092
0.0621,13.848486,100.5668043
0.0596,13.848473,100.5668092
0.0585,13.84845683,100.5668062
0,13.84844133,100.5668013
0,13.84842467,100.5668087
0,13.84840567,100.566806
0.0551,13.84838633,100.5668095
0.0598,13.848373,100.5668125
0,13.848354,100.5668172
0.0474,13.84833083,100.5668157
0.0572,13.84831167,100.5668107
0.0572,13.84829533,100.5668122
0.0766,13.8482785,100.5668112
0.0537,13.8482615,100.5668103
0.0462,13.8482445,100.566812
0.0421,13.848225,100.5668118
0.068,13.848205,100.5668157
0.0573,13.84818883,100.5668178
0.0573,13.84817483,100.5668243
0.051,13.84815917,100.5668292
0.0434,13.8481505,100.566838
0.0957,13.8481525,100.5668553
0.0672,13.84816067,100.5668688
0.0672,13.84816733,100.5668815
0.0411,13.84817217,100.5669005
0.0705,13.8481785,100.5669177
0.0494,13.84818333,100.5669328
0.0892,13.8481885,100.5669487
0.0881,13.84819317,100.566964
0.0881,13.848202,100.5669823
0.0582,13.8482075,100.5670022
0.0516,13.84821117,100.5670233
0.0608,13.84821333,100.5670428
0.0571,13.84822083,100.5670578
0.0637,13.848225,100.5670755
0.0637,13.848232,100.56709
0.0564,13.84823533,100.5671065
0.0454,13.848238,100.567121
0.0645,13.84824183,100.567136
0.0637,13.848245,100.5671502
0.0389,13.84825433,100.567163
0.0389,13.84826,100.5671798
0.0701,13.848269,100.5671955
0.0634,13.84826817,100.5672125
0.0763,13.84827233,100.567228
0.0796,13.84827417,100.5672408
0.0761,13.848271,100.5672495
0.0692,13.848271,100.5672622
0.0692,13.84827117,100.5672735
0.0603,13.84827083,100.5672873
0.0554,13.8482705,100.567303
0.0613,13.84826833,100.5673217
0.0669,13.848267,100.567336
0.0669,13.84826617,100.5673465
0.0633,13.848269,100.5673675
0.0537,13.84827567,100.5673875
0.0337,13.8482835,100.567406
0.065,13.8482835,100.5674125
0.0524,13.84828317,100.567418
0.0524,13.84828667,100.5674225
0,13.84828767,100.5674387
0.0497,13.84828483,100.5674558
0.0612,13.84828217,100.5674718
0.0955,13.84828117,100.5674892
0.0564,13.848284,100.5675105
0.0564,13.84828467,100.5675302
0.0737,13.84828767,100.5675475
0.0506,13.84829217,100.5675672
0.0694,13.848296,100.5675847
0.0547,13.84829483,100.5676038
0.0537,13.84829917,100.567622
0.0629,13.8483015,100.5676325
0.0629,13.84830467,100.5676458
0.0398,13.84831183,100.5676655
0.0572,13.84831533,100.5676848
0.0518,13.84831983,100.5677002
0.0875,13.84832383,100.567718
0.0875,13.84832367,100.5677413
0.0587,13.84832667,100.567764
0.0381,13.848324,100.567786
0.0658,13.84832583,100.567808
0.0613,13.84833133,100.567824
0.0382,13.84832883,100.5678445
0.0382,13.84833267,100.5678643
0.0379,13.84833217,100.567887
0,13.84832767,100.5679055
0.0468,13.8483265,100.567926
0.0424,13.84833467,100.5679473
0.0453,13.8483355,100.5679677
0.0453,13.848331,100.5679865
0.0525,13.84833683,100.5680053
0.0525,13.84833667,100.5680203
0.0798,13.84833967,100.5680337
0.0604,13.8483415,100.5680462
0.0395,13.84834083,100.5680618
0.0395,13.84833183,100.5680772
0.0512,13.848328,100.5680947
0.0557,13.8483165,100.5681148
0.0428,13.84830833,100.5681287
0.0468,13.84830083,100.5681415
0.0684,13.848287,100.5681565
0.0424,13.84827167,100.5681713
0.0424,13.848263,100.5681775
0.0369,13.8482495,100.5681837
0.0831,13.84824433,100.5681857
0.0518,13.84824333,100.5681903
0,13.84823333,100.5682005
0,13.84823133,100.5682062
0,13.84822967,100.5682088
0.0442,13.84822933,100.5682115
0,13.84822967,100.5682152
0.0493,13.84823017,100.5682182
0.0395,13.84822917,100.5682208
0.0395,13.84822883,100.5682222
0.0477,13.84822917,100.5682202
0.0518,13.8482215,100.5682227
0.0335,13.84820617,100.5682302
0.0473,13.84819367,100.5682342
0,13.84818367,100.5682418
0,13.84816983,100.5682463
0,13.84815267,100.5682517
0.068,13.84813833,100.5682578
0.0589,13.84812533,100.5682653
0.0621,13.84811917,100.5682717
0.0695,13.848106,100.5682807
0.0445,13.848092,100.56829
0.0445,13.84807483,100.5682973
0.0779,13.84805367,100.5682985
0.0696,13.848032,100.5682977
0.0724,13.84801533,100.5683092
0.0648,13.84799983,100.5683148
0.0648,13.84798433,100.5683262
0.0538,13.84797117,100.5683315
0.0642,13.84795767,100.568334
0.0668,13.84794183,100.5683447
0.0572,13.8479205,100.5683515
0.059,13.84790267,100.568357
0.059,13.84788917,100.568365
0.0604,13.84787167,100.5683693
0.0633,13.84784883,100.5683722
0.0701,13.84783483,100.5683782
0.0632,13.84781733,100.5683807
0.0613,13.84779767,100.5683837
0.0613,13.84777667,100.5683938
0.059,13.84775517,100.5684005
0.0987,13.84773483,100.5684002
0.0492,13.84772283,100.5684045
0.0902,13.84771267,100.5684068
0.086,13.84769317,100.5684158
0.086,13.847667,100.5684233
0.0521,13.8476375,100.5684327
0.0793,13.84761217,100.5684403
0.0443,13.84759083,100.5684478
0.0737,13.84757033,100.5684565
0.0508,13.84755283,100.5684677
0.0831,13.84754033,100.5684802
0.0831,13.847525,100.5684952
0.0554,13.84750883,100.5685032
0.055,13.8474925,100.5685148
0.0637,13.84748,100.568528
0.0791,13.84747433,100.5685468
0.0791,13.84746833,100.5685557
0.1127,13.84745883,100.5685632
0.0756,13.84745767,100.5685758
0.0736,13.84746633,100.5685877
0.079,13.84747083,100.5686023
0.0618,13.84748167,100.5686183
0.0618,13.847493,100.5686378
0.061,13.84750067,100.5686493
0.0516,13.847503,100.5686672
0.0643,13.8475075,100.5686832
0.0708,13.847507,100.5687018
0.0622,13.84750233,100.5687212
0.0622,13.8474985,100.5687458
0.0629,13.8474995,100.5687703
0.0905,13.8475005,100.5687902
0.0925,13.847495,100.5688107
0.0652,13.84748633,100.5688337
0.0656,13.8474755,100.5688538
0.0656,13.84746533,100.5688737
0.0609,13.84745517,100.5688902
0.0511,13.8474455,100.5689068
0.0373,13.84743467,100.5689205
0.0413,13.84742867,100.5689372
0.0707,13.84742183,100.5689555
0.0546,13.84741533,100.568974
0.0546,13.84740967,100.5689975
0.0492,13.84739917,100.5690112
0.0903,13.84739483,100.5690293
0.0629,13.84739167,100.5690543
0.0561,13.84738383,100.5690718
0.0561,13.84737583,100.5690908
0.0596,13.84737417,100.5691128
0.0841,13.84737417,100.5691357
0.0739,13.8473735,100.5691565
0.0611,13.84737017,100.5691777
0.0599,13.847373,100.5691967
0.0599,13.84737683,100.5692205
0.0453,13.84737467,100.569237
0,13.84736733,100.5692575
0.0754,13.84736933,100.5692708
0.0666,13.84736617,100.569282
0.0952,13.84737033,100.5692943
0.0952,13.84737283,100.569307
0.0559,13.84737417,100.5693157
0.0714,13.84737367,100.5693187
0.0566,13.84738117,100.569327
0.0721,13.84738683,100.5693413
0.0667,13.8473905,100.569346
0.0751,13.8473905,100.5693462
0.0751,13.84739017,100.5693463
0.0676,13.8473905,100.5693463
0.0738,13.84739083,100.5693473
0,13.84739283,100.5693517
0.0792,13.847396,100.5693577
0.0792,13.84740067,100.569358
0.076,13.84740183,100.5693603
0.0602,13.8474025,100.5693605
0.0647,13.84740367,100.5693615
0.1083,13.84740533,100.5693653
0.0669,13.84740767,100.56937
0.0669,13.84741,100.5693712
0.0853,13.84741833,100.5693717
0.0792,13.84742733,100.569371
0.0388,13.847429,100.5693702
0.042,13.84742867,100.569369
0.0794,13.84742867,100.5693687
0.0794,13.84743233,100.5693678
0.0442,13.847432,100.569369
0.037,13.847434,100.5693693
0.0529,13.84743767,100.5693675
0.0517,13.8474355,100.5693653
0.0338,13.8474315,100.5693632
0.0338,13.84743233,100.569364
0.0522,13.8474315,100.569365
0.0449,13.84743,100.5693663
0.0641,13.84742867,100.5693667
0.0791,13.84742733,100.5693663
0,13.8474275,100.5693662
0.045,13.8474305,100.5693652
0.045,13.847432,100.5693657
0.0623,13.84743217,100.5693668
0.0645,13.84743317,100.5693648
0.0492,13.84743417,100.5693635
0.0394,13.84743433,100.5693632
0.0394,13.84743417,100.5693622
0.0584,13.84743433,100.5693615
0.0582,13.84743483,100.569361
0.0725,13.84743283,100.569361
0,13.847433,100.5693607
0.0603,13.84743317,100.5693607
0.0603,13.84743367,100.5693602
0.0343,13.84743467,100.5693602
0.0444,13.84743633,100.5693598
0.0658,13.84743733,100.56936
0.0504,13.8474375,100.5693605
0.0522,13.84743867,100.5693597
0.0522,13.84743883,100.5693605
0.0338,13.8474395,100.5693608
0.0389,13.8474405,100.5693597
0.0412,13.847441,100.5693597
0.062,13.84744083,100.5693593
0.0464,13.84744033,100.5693565
0.0758,13.8474395,100.5693568
0.0758,13.84744033,100.569357
0.0463,13.8474405,100.569358
0.0542,13.84743967,100.5693615
0.0628,13.8474395,100.5693618
0.0506,13.84744,100.5693632
0.0506,13.847441,100.5693628
0.058,13.847441,100.5693625
0.0574,13.84743917,100.5693648
0.0538,13.8474385,100.5693672
0.0418,13.84743867,100.5693683
0.0399,13.84743817,100.5693692
0.0399,13.84743783,100.5693687
0.052,13.8474365,100.5693713
0,13.84744367,100.5693697
0,13.84745683,100.5693698
0.0464,13.84746933,100.5693688
0.0752,13.84748233,100.569367
0.0752,13.84749267,100.569367
0.0501,13.84750183,100.5693643
0.07,13.84751283,100.5693585
0.0479,13.847521,100.5693567
0.0618,13.847525,100.5693512
0.048,13.84752967,100.5693463
0.048,13.84753967,100.5693395
0.0437,13.847551,100.5693305
0.0553,13.84756683,100.5693258
0.0866,13.84758667,100.5693257
0.0398,13.84760283,100.5693218
0.0876,13.8476165,100.5693127
0.0876,13.847632,100.5693122
0.0601,13.8476455,100.5693077
0.0658,13.84766133,100.5693057
0.0842,13.84767717,100.5693035
0.0637,13.84769267,100.5693015
0.0551,13.84770883,100.5692967
0.0551,13.84772433,100.5692958
0.0455,13.84774,100.5692973
0.0363,13.84775767,100.5692988
0.0501,13.84777283,100.569294
0.0462,13.8477885,100.5692918
0.0556,13.84779583,100.5692713
0.0556,13.84780717,100.5692597
0.0555,13.84781667,100.5692455
0.0375,13.84782317,100.5692228
0.0556,13.84783283,100.5692092
0.0547,13.84784017,100.5691893
0.0409,13.847859,100.5691878
0.0409,13.84786767,100.5691743
0.033,13.84788317,100.5691777
0.0449,13.84789433,100.5691828
0.0566,13.84791383,100.569203
0.0497,13.84793383,100.5692367
0.0662,13.84794583,100.569271
0.0585,13.84795283,100.5692902
0.0585,13.84796083,100.5693132
0.0757,13.84796617,100.569336
0.0947,13.84796883,100.5693563
0.0519,13.84797683,100.5693745
0.0627,13.847981,100.5693895
0.0627,13.8479935,100.5694152
0.0942,13.84800333,100.5694333
0.1048,13.8480075,100.5694597
0.0812,13.848021,100.5694922
0.0513,13.8480355,100.5695185
0.0763,13.84804683,100.5695405
0.0763,13.84805133,100.5695637
0.0918,13.84805417,100.5695847
0.0692,13.848061,100.5696112
0.0496,13.8480685,100.5696235
0.0576,13.84807933,100.5696393
0.0481,13.8480925,100.5696485
0.0481,13.848115,100.5696617
0.0548,13.84813583,100.5696715
0.0781,13.84815967,100.5696787
0.0669,13.848175,100.5696832
0.0603,13.8481905,100.5696842
0.0535,13.84820717,100.5696898
0.0535,13.84822417,100.5696945
0.074,13.84823817,100.5696952
0.0614,13.84825317,100.5696952
0.0444,13.84826933,100.5696907
0.0572,13.8482855,100.5696935
0.0813,13.84830467,100.5696862
0.0813,13.84832017,100.5696852
0.0643,13.84833933,100.5696788
0.0666,13.84835,100.5696787
0.0527,13.8483615,100.5696795
0.0491,13.84837567,100.569681
0.0575,13.84837783,100.5696758
0.0575,13.848391,100.5696723
0.0637,13.84840683,100.569669
0.0595,13.84842317,100.569668
0.0592,13.8484375,100.5696702
0.0479,13.8484535,100.5696685
0.0707,13.84847267,100.5696745
0.0707,13.84849017,100.5696827
0.0446,13.84851067,100.5696863
0,13.84852767,100.56969
0,13.84854317,100.5696975
0.0671,13.84855767,100.5697032
0.0373,13.84857717,100.569708
0.0373,13.848593,100.5697142
0.0671,13.84860667,100.5697217
0.0505,13.84861867,100.5697258
0.0772,13.84863167,100.5697302
0.0446,13.8486445,100.5697312
0.0735,13.84864983,100.5697323
0.0599,13.84865067,100.5697358
0.0599,13.84864867,100.569737
0.0705,13.84864717,100.5697398
0.0585,13.84865267,100.5697422
0.0557,13.8486525,100.5697452
0.0404,13.84865417,100.5697473
0.0404,13.84865183,100.5697482
0.0784,13.8486545,100.5697497
0.0629,13.8486565,100.5697527
0.0533,13.84865717,100.5697537
0.0547,13.84866067,100.569752
0.0537,13.8486655,100.5697505
0.0537,13.84867,100.5697488
0.0769,13.848677,100.569747
0.0521,13.84869,100.5697483
0.0598,13.8486995,100.5697488
0.0647,13.84870783,100.5697497
0.0557,13.84872083,100.569747
0.0557,13.8487375,100.5697405
0.0496,13.848748,100.5697295
0.0573,13.84876267,100.5697242
0.0452,13.84877683,100.5697232
0.0608,13.84879133,100.5697197
0.0664,13.84880817,100.5697175
0.0664,13.84882483,100.5697157
0.0355,13.84883683,100.569716
0.044,13.84884983,100.5697172
0.0682,13.848862,100.5697222
0.0478,13.84887767,100.5697265
0.0413,13.84888967,100.5697298
0.0413,13.8489025,100.569734
0.0731,13.84891583,100.5697377
0.0592,13.84893183,100.569738
0.0606,13.84894767,100.5697397
0.0547,13.84896283,100.5697418
0.0515,13.848979,100.5697445
0.0515,13.84899733,100.5697478
0.0776,13.8490175,100.5697473
0.0436,13.84903183,100.5697545
0.0426,13.8490475,100.5697507
0.0513,13.84906183,100.5697473
0,13.84907467,100.5697425
0,13.84909083,100.5697407
0.0385,13.84910817,100.5697388
0.0586,13.84912417,100.5697348
0.0527,13.84914183,100.5697365
0.0362,13.84916267,100.5697328
0.0743,13.84917867,100.5697322
0.0743,13.84919717,100.5697303
0.0466,13.84923683,100.5697335
0.0386,13.84925667,100.5697342
0.0711,13.84927783,100.5697343
0.0824,13.84929117,100.5697318
0.0749,13.849309,100.5697312
0.0749,13.84932467,100.5697385
0.0697,13.84933983,100.5697422
0.0786,13.849351,100.569739
0.0753,13.84936267,100.569736
0.0661,13.84937067,100.5697222
0.063,13.84938233,100.5697103
0.063,13.84939917,100.5696965
0.0635,13.84941483,100.5696857
0.0658,13.8494315,100.5696742
0.0706,13.84944467,100.5696558
0.0912,13.84945867,100.5696428
0.0771,13.84947083,100.5696288
0.0771,13.8494835,100.5696182
0.0777,13.84949417,100.5696015
0.0615,13.84950133,100.569592
0.0704,13.849508,100.5695843
0.0621,13.84951383,100.5695738
0.0696,13.84951517,100.5695693
0.0696,13.8495195,100.5695623
0.0645,13.84952567,100.569552
0.0798,13.84952633,100.5695423
0.0865,13.84952483,100.5695327
0.0758,13.84952533,100.5695297
0.0611,13.8495265,100.5695237
0.0611,13.8495285,100.5695205
0.0798,13.84953367,100.5695117
0.0716,13.849537,100.5695037
0.0909,13.849538,100.5694948
0.0968,13.8495385,100.5694838
0.0815,13.84954,100.5694705
0.0815,13.8495365,100.5694472
0.0885,13.8495275,100.5694225
0.0732,13.849519,100.5693903
0.0799,13.84951783,100.569368
0.0717,13.8495215,100.5693485
0.0687,13.84951433,100.5693213
0.0687,13.84950583,100.5692938
0.0795,13.84951867,100.5692717
0.0628,13.84952267,100.5692513
0.0602,13.84951867,100.5692322
0.0606,13.84952133,100.5692148
0.078,13.84951783,100.5691978
0.078,13.84952017,100.5691832
0.0525,13.849519,100.5691735
0.0749,13.84952333,100.5691717
0.0793,13.849528,100.5691577
0.0498,13.849541,100.5691402
0.0479,13.84955467,100.569126
0.0479,13.84957767,100.5691057
0.0734,13.84959183,100.5690958
0.0656,13.84961117,100.5690823
0.0698,13.84963117,100.5690738
0.0758,13.84965183,100.5690668
0.0581,13.84966983,100.5690637
0.0581,13.849689,100.5690633
0.0808,13.849707,100.5690583
0.0441,13.84971167,100.5690593
0.0665,13.84972783,100.5690582
0.0423,13.84974,100.56907
0.0555,13.8497555,100.5690743
0.0555,13.84976883,100.5690747
0.0711,13.84977467,100.5690718
0.0656,13.8497825,100.5690663
0.059,13.84978567,100.5690653
0.0731,13.849787,100.5690662
0.0731,13.8497885,100.5690653
0.051,13.84979083,100.5690663
0.0815,13.8497985,100.5690633
0.0478,13.84980333,100.5690597
0.0585,13.84980717,100.5690587
0.0758,13.8498095,100.5690547
0.0705,13.84981383,100.569053
0.0705,13.84981617,100.5690487
0.0528,13.84981917,100.5690472
0.05,13.84982133,100.5690448
0.0513,13.84982233,100.569045
0.0568,13.84982217,100.5690425
0.0783,13.84982217,100.5690425
0.0783,13.849823,100.5690395
0.0667,13.84982383,100.5690385
0.063,13.8498245,100.5690363
0.0564,13.84982467,100.569035
0.0462,13.84982367,100.569032
0.0714,13.84982183,100.5690277
0.0714,13.84982017,100.5690243
0.0763,13.84981983,100.5690235
0.0614,13.84981967,100.5690233
0.0723,13.84981867,100.5690217
0.0513,13.84981733,100.5690183
0.0868,13.84982033,100.5690178
0.0868,13.849826,100.5690208
0.0465,13.84983333,100.569023
0.0493,13.84984617,100.5690245
0.0428,13.84986133,100.5690253
0.0524,13.8498765,100.5690242
0.0409,13.84989317,100.5690243
0.0409,13.8499095,100.569021
0.0405,13.84992617,100.5690217
0.0574,13.84994183,100.5690212
0.047,13.84995967,100.5690125
0,13.84997683,100.5690035
0.0608,13.84999467,100.5689963
0.0608,13.85001367,100.5689927
0.0565,13.85003233,100.5689883
0.039,13.85004917,100.5689903
0.0438,13.85006917,100.5689918
0.0671,13.85008717,100.5689957
0.0663,13.85010817,100.568997
0.0663,13.85012867,100.568998
0.036,13.85014733,100.5689982
0.0583,13.8501665,100.5689973
0.0375,13.8501845,100.5689968
0,13.85020217,100.5689988
0.033,13.85021983,100.5689978
0.033,13.850238,100.5689938
0,13.85024983,100.568985
0,13.85026383,100.5689793
0.0492,13.8502785,100.5689693
0.0599,13.85029367,100.5689572
0.0599,13.85030183,100.5689418
0.0718,13.85030533,100.5689237
0.0575,13.85030867,100.5689028
0.0476,13.85030883,100.5688807
0.0442,13.85031083,100.5688613
0.0402,13.85031167,100.5688412
0.0771,13.850312,100.5688223
0.0771,13.85031233,100.568804
0.0486,13.85031117,100.568785
0.0507,13.85031133,100.568766
0.0518,13.85031483,100.568748
0.0405,13.85031483,100.5687292
0.0771,13.85031633,100.5687102
0.0771,13.85031833,100.5686912
0.0375,13.85031617,100.5686717
0.0744,13.85031617,100.5686518
0.0436,13.85031833,100.5686337
0.0699,13.85032,100.5686138
0.0403,13.85031933,100.5685932
0.0403,13.85031733,100.5685723
0.086,13.85031433,100.568554
0.0729,13.85031083,100.5685347
0.0579,13.8503075,100.5685152
0.0427,13.8503095,100.5684948
0.0519,13.85031233,100.568476
0.0519,13.85031583,100.5684593
0.0606,13.8503205,100.5684413
0.0597,13.8503205,100.5684213
0.0355,13.8503185,100.5683985
0,13.85032033,100.5683758
0.0456,13.85032517,100.5683537
0.0456,13.85032483,100.5683343
0,13.85032367,100.5683132
0.0396,13.85032283,100.5682918
0.0471,13.8503235,100.5682712
0.0462,13.85032317,100.5682487
0.0558,13.85032067,100.5682283
0.0558,13.85031967,100.5682065
0,13.85031517,100.5681855
0.0639,13.850314,100.5681643
0.0415,13.8503155,100.568143
0.067,13.85031817,100.5681258
0.0535,13.85032033,100.5681083
0.0535,13.8503205,100.5680893
0.0377,13.85031533,100.5680712
0.0713,13.85031567,100.5680527
0.0572,13.85031717,100.5680355
0.0582,13.85031717,100.5680155
0.0733,13.85031867,100.5679953
0.0733,13.85031683,100.5679752
0.0468,13.850315,100.5679555
0.037,13.8503125,100.5679343
0.042,13.85031033,100.5679125
0,13.85031,100.567892
0,13.85031467,100.5678728
0.0556,13.850319,100.5678508
0.0809,13.85031633,100.5678305
0.0829,13.850317,100.567808
0.0417,13.8503195,100.5677863
0.0607,13.85031883,100.5677683
0.0596,13.85031933,100.5677483
0.0596,13.85032033,100.5677287
0.0341,13.85031933,100.5677075
0.0474,13.85032017,100.5676882
0.0487,13.8503195,100.5676695
0.0548,13.850318,100.5676502
0.0481,13.8503175,100.56763
0.0481,13.85031883,100.5676107
0.0453,13.85031783,100.5675908
0.057,13.85031833,100.567572
0.057,13.85031817,100.5675508
0,13.850318,100.5675352
0.0461,13.85032,100.5675172
0.0461,13.85032617,100.567496
0.0645,13.85033033,100.5674752
0.0796,13.85033233,100.5674562
0.0363,13.85033667,100.567435
0.0731,13.85034067,100.5674095
0.0551,13.85034117,100.5673885
0.0551,13.850341,100.5673652
0.0665,13.85034,100.5673445
0.0603,13.85034033,100.5673248
0.0813,13.8503405,100.5673057
0.0554,13.85033817,100.5672853
0.0581,13.85033917,100.567266
0.0581,13.85033933,100.5672473
0.0457,13.850337,100.5672263
0.0813,13.85033817,100.5672068
0.0586,13.8503385,100.5671858
0.0406,13.85033883,100.5671665
0.0498,13.85034033,100.5671448
0.0498,13.85034,100.567123
0.0585,13.85034017,100.5671012
0.0555,13.85034183,100.5670773
0.0616,13.85034233,100.5670555
0.0765,13.85034283,100.5670333
0.0493,13.850342,100.5670112
0.0493,13.850341,100.56699
0.0456,13.850342,100.5669688
0.0477,13.8503445,100.5669462
0.0647,13.85034667,100.5669267
0.0351,13.85034817,100.5669062
0.0676,13.85034667,100.5668855
0.0676,13.850348,100.566865
0.0443,13.85035017,100.5668447
0.0361,13.85034917,100.5668263
0.0549,13.85034867,100.5668087
0.0839,13.85034883,100.566788
0.0839,13.850351,100.5667653
0.0417,13.850346,100.566748
0.0413,13.8503395,100.5667333
0.0399,13.85033,100.5667168
0.067,13.85031267,100.566708
0.0594,13.85029567,100.5667053
0.062,13.85027767,100.5667062
0.062,13.85025733,100.5667072
0.066,13.850238,100.5667095
0.0753,13.85021917,100.5667123
0.0362,13.85019783,100.5667145
0.0523,13.85017683,100.5667137
0.0463,13.8501555,100.5667128
0.0463,13.850134,100.5667127
0.0453,13.85011317,100.5667138
0.0538,13.8500945,100.5667152
0.0633,13.8500755,100.5667165
0.0556,13.85005483,100.5667173
0.0589,13.85003333,100.566719
0.0589,13.8500145,100.5667243
0.056,13.85000017,100.566734
0.0505,13.849992,100.5667423
0.0568,13.84998383,100.5667548
0.0627,13.849972,100.5667615
